assembly	only	noise	lowQ	duplicate	alternate	haploid	diploid	repeats	collapsed	missing
vhi2.0.hifiasm	0.0010533495147728	3.37029669961768	0.00768147929565918	1.92966755823163	6.31851986869477	9.74839708690006	61.6642713033043	13.3826662099354	3.19296828263521	0.384478161870553
vhi2.1.pafscaff	0.0010533495147728	3.37029669961768	0.00768147929565918	1.92966755823163	6.31851986869477	9.74839708690006	61.6642713033043	13.3826662099354	3.19296828263521	0.384478161870553
vhi2.2.diploidocus	0.000686178406947526	3.37185328679123	0.00613729521266285	0.577835125875772	6.38883991541444	9.79582458955746	62.880998733252	13.1893759107833	3.35794580596981	0.430503158736344
vhi2.3.ragtag	0.000686178406947526	3.37185328679123	0.00613729521266285	0.577835125875772	6.38883991541444	9.79582458955746	62.880998733252	13.1893759107833	3.35794580596981	0.430503158736344
vhi2.4.tweak	0.000686178406947526	3.37185328679123	0.00613729521266285	0.577835125875772	6.38883991541444	9.79582458955746	62.880998733252	13.1893759107833	3.35794580596981	0.430503158736344
vhi2.5.hypo	0.0940087649219861	3.36973136567108	0.00510676651802641	0.58237545302096	5.91530575672708	10.2528680286181	62.9469147956487	13.3446564256073	3.21131942362871	0.277713219638091
vhi2.6.tidy2	0.0939862493019036	3.36973685421713	0.00510203855272194	0.576796911249483	5.91613290849006	10.2523464381154	62.9520037568176	13.3427078192244	3.21272326233478	0.278463761696549
