assembly	only	n/a	under	good	neutral	over	completeness	qv
vhi2.0.hifiasm	0.0010533495147728	3.37029669961768	1.93734903752729	77.7311882588991	13.3826662099354	3.57744644450576	86.3066	60.3855
vhi2.1.pafscaff	0.0010533495147728	3.37029669961768	1.93734903752729	77.7311882588991	13.3826662099354	3.57744644450576	86.3066	60.3855
vhi2.2.diploidocus	0.000686178406947526	3.37185328679123	0.583972421088435	79.0656632382239	13.1893759107833	3.78844896470615	86.132	61.7651
vhi2.3.ragtag	0.000686178406947526	3.37185328679123	0.583972421088435	79.0656632382239	13.1893759107833	3.78844896470615	86.132	61.7651
vhi2.4.tweak	0.000686178406947526	3.37185328679123	0.583972421088435	79.0656632382239	13.1893759107833	3.78844896470615	86.132	61.7651
vhi2.5.hypo	0.0940087649219861	3.36973136567108	0.587482219538987	79.1150885809938	13.3446564256073	3.4890326432668	86.1701	40.4451
vhi2.6.tidy2	0.0939862493019036	3.36973685421713	0.581898949802204	79.1204831034231	13.3427078192244	3.49118702403133	86.168	40.4444
