assembly	only	noise	lowQ	duplicate	alternate	haploid	diploid	repeats	collapsed	missing
pri	0.000804826846760051	3.59513880454293	0.0260042468110367	0.426899339805699	3.19027397257629	12.3466664825238	72.7368315865177	6.00198469088376	1.59106641496737	0.0843296345247153
hap1	0.000743008017752097	3.59620525657221	0.0249400333480047	0.717840300544509	3.18661628065651	12.3483698457513	72.4384162896087	6.00830442418033	1.58388197153229	0.094682589788377
hap2	0.000729039336279397	3.59626011997381	0.0248856757764193	0.581503081509867	3.18060879741633	12.383641813589	72.5569173719659	6.02817883362037	1.56531892411003	0.0819563427019456
dip	0.00149417153037102	3.58063311723555	0.0404849717604092	10.3259643723079	0.0541187836603211	6.28727239394668	72.0784523006729	7.57339233900813	0.0371034159092415	0.0210841339685281
